{
  "project_info": {
    "project_number": "93191103994",
    "project_id": "pi-mareaturbo",
    "storage_bucket": "pi-mareaturbo.appspot.com"
  },
  "client": [
    {
      "client_info": {
        "mobilesdk_app_id": "1:93191103994:android:0998a032ffe63f24513043",
        "android_client_info": {
          "package_name": "com.example.handup"
        }
      },
      "oauth_client": [
        {
          "client_id": "93191103994-9qn9jct6c7sd51jvbs00243oq58h6qvb.apps.googleusercontent.com",
          "client_type": 3
        }
      ],
      "api_key": [
        {
          "current_key": "AIzaSyAVxv0N9n8M1mWTo2EwnAvErwgxvSkpsvg"
        }
      ],
      "services": {
        "appinvite_service": {
          "other_platform_oauth_client": [
            {
              "client_id": "93191103994-9qn9jct6c7sd51jvbs00243oq58h6qvb.apps.googleusercontent.com",
              "client_type": 3
            }
          ]
        }
      }
    }
  ],
  "configuration_version": "1"
}